Position,x,y,Latitude,Longitude
1.0,-0.6,0.83,40.98610915222619,14.171373719650061
2.0,-0.6,0.93,40.98610915222619,14.171374909679223
3.0,-0.6,1.03,40.98610915222619,14.171376099708384
4.0,-0.6,1.13,40.98610915222619,14.171377289737546
5.0,-0.6,1.23,40.98610915222619,14.171378479766707
6.0,-0.6,1.33,40.98610915222619,14.171379669795868
7.0,-0.6,1.43,40.98610915222619,14.17138085982503
8.0,-0.6,1.53,40.98610915222619,14.171382049854191
9.0,-0.6,1.63,40.98610915222619,14.171383239883355
10.0,-0.6,1.73,40.98610915222619,14.171384429912516
11.0,-0.6,1.83,40.98610915222619,14.171385619941677
12.0,-0.6,1.93,40.98610915222619,14.171386809970839
13.0,-0.6,2.03,40.98610915222619,14.171388
14.0,-0.6,2.13,40.98610915222619,14.171389190029162
15.0,-0.6,2.23,40.98610915222619,14.171390380058323
16.0,-0.6,2.33,40.98610915222619,14.171391570087485
17.0,-0.6,2.43,40.98610915222619,14.171392760116646
18.0,-0.6,2.53,40.98610915222619,14.17139395014581
19.0,-0.6,2.63,40.98610915222619,14.17139514017497
20.0,-0.6,2.73,40.98610915222619,14.171396330204132
21.0,-0.5,0.83,40.98611005054148,14.171373719650061
22.0,-0.5,0.93,40.98611005054148,14.171374909679223
23.0,-0.5,1.03,40.98611005054148,14.171376099708384
24.0,-0.5,1.13,40.98611005054148,14.171377289737546
25.0,-0.5,1.23,40.98611005054148,14.171378479766707
26.0,-0.5,1.33,40.98611005054148,14.171379669795868
27.0,-0.5,1.43,40.98611005054148,14.17138085982503
28.0,-0.5,1.53,40.98611005054148,14.171382049854191
29.0,-0.5,1.63,40.98611005054148,14.171383239883355
30.0,-0.5,1.73,40.98611005054148,14.171384429912516
31.0,-0.5,1.83,40.98611005054148,14.171385619941677
32.0,-0.5,1.93,40.98611005054148,14.171386809970839
33.0,-0.5,2.03,40.98611005054148,14.171388
34.0,-0.5,2.13,40.98611005054148,14.171389190029162
35.0,-0.5,2.23,40.98611005054148,14.171390380058323
36.0,-0.5,2.33,40.98611005054148,14.171391570087485
37.0,-0.5,2.43,40.98611005054148,14.171392760116646
38.0,-0.5,2.53,40.98611005054148,14.17139395014581
39.0,-0.5,2.63,40.98611005054148,14.17139514017497
40.0,-0.5,2.73,40.98611005054148,14.171396330204132
41.0,-0.4,0.83,40.98611094885676,14.171373719650061
42.0,-0.4,0.93,40.98611094885676,14.171374909679223
43.0,-0.4,1.03,40.98611094885676,14.171376099708384
44.0,-0.4,1.13,40.98611094885676,14.171377289737546
45.0,-0.4,1.23,40.98611094885676,14.171378479766707
46.0,-0.4,1.33,40.98611094885676,14.171379669795868
47.0,-0.4,1.43,40.98611094885676,14.17138085982503
48.0,-0.4,1.53,40.98611094885676,14.171382049854191
49.0,-0.4,1.63,40.98611094885676,14.171383239883355
50.0,-0.4,1.73,40.98611094885676,14.171384429912516
51.0,-0.4,1.83,40.98611094885676,14.171385619941677
51.0,-0.4,1.93,40.98611094885676,14.171386809970839
53.0,-0.4,2.03,40.98611094885676,14.171388
54.0,-0.4,2.13,40.98611094885676,14.171389190029162
55.0,-0.4,2.23,40.98611094885676,14.171390380058323
56.0,-0.4,2.33,40.98611094885676,14.171391570087485
57.0,-0.4,2.43,40.98611094885676,14.171392760116646
58.0,-0.4,2.53,40.98611094885676,14.17139395014581
59.0,-0.4,2.63,40.98611094885676,14.17139514017497
60.0,-0.4,2.73,40.98611094885676,14.171396330204132
61.0,-0.3,0.83,40.98611184717205,14.171373719650061
62.0,-0.3,0.93,40.98611184717205,14.171374909679223
63.0,-0.3,1.03,40.98611184717205,14.171376099708384
64.0,-0.3,1.13,40.98611184717205,14.171377289737546
65.0,-0.3,1.23,40.98611184717205,14.171378479766707
66.0,-0.3,1.33,40.98611184717205,14.171379669795868
67.0,-0.3,1.43,40.98611184717205,14.17138085982503
68.0,-0.3,1.53,40.98611184717205,14.171382049854191
69.0,-0.3,1.63,40.98611184717205,14.171383239883355
70.0,-0.3,1.73,40.98611184717205,14.171384429912516
71.0,-0.3,1.83,40.98611184717205,14.171385619941677
72.0,-0.3,1.93,40.98611184717205,14.171386809970839
73.0,-0.3,2.03,40.98611184717205,14.171388
74.0,-0.3,2.13,40.98611184717205,14.171389190029162
75.0,-0.3,2.23,40.98611184717205,14.171390380058323
76.0,-0.3,2.33,40.98611184717205,14.171391570087485
77.0,-0.3,2.43,40.98611184717205,14.171392760116646
78.0,-0.3,2.53,40.98611184717205,14.17139395014581
79.0,-0.3,2.63,40.98611184717205,14.17139514017497
80.0,-0.3,2.73,40.98611184717205,14.171396330204132
81.0,-0.2,0.83,40.986112745487326,14.171373719650061
82.0,-0.2,0.93,40.986112745487326,14.171374909679223
83.0,-0.2,1.03,40.986112745487326,14.171376099708384
84.0,-0.2,1.13,40.986112745487326,14.171377289737546
85.0,-0.2,1.23,40.986112745487326,14.171378479766707
86.0,-0.2,1.33,40.986112745487326,14.171379669795868
87.0,-0.2,1.43,40.986112745487326,14.17138085982503
88.0,-0.2,1.53,40.986112745487326,14.171382049854191
89.0,-0.2,1.63,40.986112745487326,14.171383239883355
90.0,-0.2,1.73,40.986112745487326,14.171384429912516
91.0,-0.2,1.83,40.986112745487326,14.171385619941677
92.0,-0.2,1.93,40.986112745487326,14.171386809970839
93.0,-0.2,2.03,40.986112745487326,14.171388
94.0,-0.2,2.13,40.986112745487326,14.171389190029162
95.0,-0.2,2.23,40.986112745487326,14.171390380058323
96.0,-0.2,2.33,40.986112745487326,14.171391570087485
97.0,-0.2,2.43,40.986112745487326,14.171392760116646
98.0,-0.2,2.53,40.986112745487326,14.17139395014581
99.0,-0.2,2.63,40.986112745487326,14.17139514017497
100.0,-0.2,2.73,40.986112745487326,14.171396330204132
101.0,-0.1,0.83,40.98611364380261,14.171373719650061
102.0,-0.1,0.93,40.98611364380261,14.171374909679223
103.0,-0.1,1.03,40.98611364380261,14.171376099708384
104.0,-0.1,1.13,40.98611364380261,14.171377289737546
105.0,-0.1,1.23,40.98611364380261,14.171378479766707
106.0,-0.1,1.33,40.98611364380261,14.171379669795868
107.0,-0.1,1.43,40.98611364380261,14.17138085982503
108.0,-0.1,1.53,40.98611364380261,14.171382049854191
109.0,-0.1,1.63,40.98611364380261,14.171383239883355
110.0,-0.1,1.73,40.98611364380261,14.171384429912516
111.0,-0.1,1.83,40.98611364380261,14.171385619941677
112.0,-0.1,1.93,40.98611364380261,14.171386809970839
113.0,-0.1,2.03,40.98611364380261,14.171388
114.0,-0.1,2.13,40.98611364380261,14.171389190029162
115.0,-0.1,2.23,40.98611364380261,14.171390380058323
116.0,-0.1,2.33,40.98611364380261,14.171391570087485
117.0,-0.1,2.43,40.98611364380261,14.171392760116646
118.0,-0.1,2.53,40.98611364380261,14.17139395014581
119.0,-0.1,2.63,40.98611364380261,14.17139514017497
120.0,-0.1,2.73,40.98611364380261,14.171396330204132
121.0,0.0,0.83,40.986114542117896,14.171373719650061
122.0,0.0,0.93,40.986114542117896,14.171374909679223
123.0,0.0,1.03,40.986114542117896,14.171376099708384
124.0,0.0,1.13,40.986114542117896,14.171377289737546
125.0,0.0,1.23,40.986114542117896,14.171378479766707
126.0,0.0,1.33,40.986114542117896,14.171379669795868
127.0,0.0,1.43,40.986114542117896,14.17138085982503
128.0,0.0,1.53,40.986114542117896,14.171382049854191
129.0,0.0,1.63,40.986114542117896,14.171383239883355
130.0,0.0,1.73,40.986114542117896,14.171384429912516
131.0,0.0,1.83,40.986114542117896,14.171385619941677
132.0,0.0,1.93,40.986114542117896,14.171386809970839
133.0,0.0,2.03,40.986114542117896,14.171388
134.0,0.0,2.13,40.986114542117896,14.171389190029162
135.0,0.0,2.23,40.986114542117896,14.171390380058323
136.0,0.0,2.33,40.986114542117896,14.171391570087485
137.0,0.0,2.43,40.986114542117896,14.171392760116646
138.0,0.0,2.53,40.986114542117896,14.17139395014581
139.0,0.0,2.63,40.986114542117896,14.17139514017497
140.0,0.0,2.73,40.986114542117896,14.171396330204132
141.0,0.1,0.83,40.98611544043318,14.171373719650061
142.0,0.1,0.93,40.98611544043318,14.171374909679223
143.0,0.1,1.03,40.98611544043318,14.171376099708384
144.0,0.1,1.13,40.98611544043318,14.171377289737546
145.0,0.1,1.23,40.98611544043318,14.171378479766707
146.0,0.1,1.33,40.98611544043318,14.171379669795868
147.0,0.1,1.43,40.98611544043318,14.17138085982503
148.0,0.1,1.53,40.98611544043318,14.171382049854191
149.0,0.1,1.63,40.98611544043318,14.171383239883355
150.0,0.1,1.73,40.98611544043318,14.171384429912516
151.0,0.1,1.83,40.98611544043318,14.171385619941677
152.0,0.1,1.93,40.98611544043318,14.171386809970839
153.0,0.1,2.03,40.98611544043318,14.171388
154.0,0.1,2.13,40.98611544043318,14.171389190029162
155.0,0.1,2.23,40.98611544043318,14.171390380058323
156.0,0.1,2.33,40.98611544043318,14.171391570087485
157.0,0.1,2.43,40.98611544043318,14.171392760116646
158.0,0.1,2.53,40.98611544043318,14.17139395014581
159.0,0.1,2.63,40.98611544043318,14.17139514017497
160.0,0.1,2.73,40.98611544043318,14.171396330204132
161.0,0.2,0.83,40.98611633874847,14.171373719650061
162.0,0.2,0.93,40.98611633874847,14.171374909679223
163.0,0.2,1.03,40.98611633874847,14.171376099708384
164.0,0.2,1.13,40.98611633874847,14.171377289737546
165.0,0.2,1.23,40.98611633874847,14.171378479766707
166.0,0.2,1.33,40.98611633874847,14.171379669795868
167.0,0.2,1.43,40.98611633874847,14.17138085982503
168.0,0.2,1.53,40.98611633874847,14.171382049854191
169.0,0.2,1.63,40.98611633874847,14.171383239883355
170.0,0.2,1.73,40.98611633874847,14.171384429912516
171.0,0.2,1.83,40.98611633874847,14.171385619941677
172.0,0.2,1.93,40.98611633874847,14.171386809970839
173.0,0.2,2.03,40.98611633874847,14.171388
174.0,0.2,2.13,40.98611633874847,14.171389190029162
175.0,0.2,2.23,40.98611633874847,14.171390380058323
176.0,0.2,2.33,40.98611633874847,14.171391570087485
177.0,0.2,2.43,40.98611633874847,14.171392760116646
178.0,0.2,2.53,40.98611633874847,14.17139395014581
179.0,0.2,2.63,40.98611633874847,14.17139514017497
180.0,0.2,2.73,40.98611633874847,14.171396330204132
181.0,0.3,0.83,40.98611723706375,14.171373719650061
182.0,0.3,0.93,40.98611723706375,14.171374909679223
183.0,0.3,1.03,40.98611723706375,14.171376099708384
184.0,0.3,1.13,40.98611723706375,14.171377289737546
185.0,0.3,1.23,40.98611723706375,14.171378479766707
186.0,0.3,1.33,40.98611723706375,14.171379669795868
187.0,0.3,1.43,40.98611723706375,14.17138085982503
188.0,0.3,1.53,40.98611723706375,14.171382049854191
189.0,0.3,1.63,40.98611723706375,14.171383239883355
190.0,0.3,1.73,40.98611723706375,14.171384429912516
191.0,0.3,1.83,40.98611723706375,14.171385619941677
192.0,0.3,1.93,40.98611723706375,14.171386809970839
193.0,0.3,2.03,40.98611723706375,14.171388
194.0,0.3,2.13,40.98611723706375,14.171389190029162
195.0,0.3,2.23,40.98611723706375,14.171390380058323
196.0,0.3,2.33,40.98611723706375,14.171391570087485
197.0,0.3,2.43,40.98611723706375,14.171392760116646
198.0,0.3,2.53,40.98611723706375,14.17139395014581
199.0,0.3,2.63,40.98611723706375,14.17139514017497
200.0,0.3,2.73,40.98611723706375,14.171396330204132
201.0,0.4,0.83,40.98611813537903,14.171373719650061
202.0,0.4,0.93,40.98611813537903,14.171374909679223
203.0,0.4,1.03,40.98611813537903,14.171376099708384
204.0,0.4,1.13,40.98611813537903,14.171377289737546
205.0,0.4,1.23,40.98611813537903,14.171378479766707
206.0,0.4,1.33,40.98611813537903,14.171379669795868
207.0,0.4,1.43,40.98611813537903,14.17138085982503
208.0,0.4,1.53,40.98611813537903,14.171382049854191
209.0,0.4,1.63,40.98611813537903,14.171383239883355
210.0,0.4,1.73,40.98611813537903,14.171384429912516
211.0,0.4,1.83,40.98611813537903,14.171385619941677
212.0,0.4,1.93,40.98611813537903,14.171386809970839
213.0,0.4,2.03,40.98611813537903,14.171388
214.0,0.4,2.13,40.98611813537903,14.171389190029162
215.0,0.4,2.23,40.98611813537903,14.171390380058323
216.0,0.4,2.33,40.98611813537903,14.171391570087485
217.0,0.4,2.43,40.98611813537903,14.171392760116646
218.0,0.4,2.53,40.98611813537903,14.17139395014581
219.0,0.4,2.63,40.98611813537903,14.17139514017497
220.0,0.4,2.73,40.98611813537903,14.171396330204132
221.0,0.5,0.83,40.986119033694315,14.171373719650061
222.0,0.5,0.93,40.986119033694315,14.171374909679223
223.0,0.5,1.03,40.986119033694315,14.171376099708384
224.0,0.5,1.13,40.986119033694315,14.171377289737546
225.0,0.5,1.23,40.986119033694315,14.171378479766707
226.0,0.5,1.33,40.986119033694315,14.171379669795868
227.0,0.5,1.43,40.986119033694315,14.17138085982503
228.0,0.5,1.53,40.986119033694315,14.171382049854191
229.0,0.5,1.63,40.986119033694315,14.171383239883355
230.0,0.5,1.73,40.986119033694315,14.171384429912516
231.0,0.5,1.83,40.986119033694315,14.171385619941677
232.0,0.5,1.93,40.986119033694315,14.171386809970839
233.0,0.5,2.03,40.986119033694315,14.171388
234.0,0.5,2.13,40.986119033694315,14.171389190029162
235.0,0.5,2.23,40.986119033694315,14.171390380058323
236.0,0.5,2.33,40.986119033694315,14.171391570087485
237.0,0.5,2.43,40.986119033694315,14.171392760116646
238.0,0.5,2.53,40.986119033694315,14.17139395014581
239.0,0.5,2.63,40.986119033694315,14.17139514017497
240.0,0.5,2.73,40.986119033694315,14.171396330204132
241.0,0.6,0.83,40.9861199320096,14.171373719650061
242.0,0.6,0.93,40.9861199320096,14.171374909679223
242.0,0.6,1.03,40.9861199320096,14.171376099708384
244.0,0.6,1.13,40.9861199320096,14.171377289737546
245.0,0.6,1.23,40.9861199320096,14.171378479766707
246.0,0.6,1.33,40.9861199320096,14.171379669795868
247.0,0.6,1.43,40.9861199320096,14.17138085982503
248.0,0.6,1.53,40.9861199320096,14.171382049854191
249.0,0.6,1.63,40.9861199320096,14.171383239883355
250.0,0.6,1.73,40.9861199320096,14.171384429912516
251.0,0.6,1.83,40.9861199320096,14.171385619941677
252.0,0.6,1.93,40.9861199320096,14.171386809970839
253.0,0.6,2.03,40.9861199320096,14.171388
254.0,0.6,2.13,40.9861199320096,14.171389190029162
255.0,0.6,2.23,40.9861199320096,14.171390380058323
256.0,0.6,2.33,40.9861199320096,14.171391570087485
257.0,0.6,2.43,40.9861199320096,14.171392760116646
258.0,0.6,2.53,40.9861199320096,14.17139395014581
259.0,0.6,2.63,40.9861199320096,14.17139514017497
260.0,0.6,2.73,40.9861199320096,14.171396330204132
260.0,0.7,0.83,40.986120830324886,14.171373719650061
262.0,0.7,0.93,40.986120830324886,14.171374909679223
263.0,0.7,1.03,40.986120830324886,14.171376099708384
264.0,0.7,1.13,40.986120830324886,14.171377289737546
265.0,0.7,1.23,40.986120830324886,14.171378479766707
266.0,0.7,1.33,40.986120830324886,14.171379669795868
267.0,0.7,1.43,40.986120830324886,14.17138085982503
268.0,0.7,1.53,40.986120830324886,14.171382049854191
269.0,0.7,1.63,40.986120830324886,14.171383239883355
270.0,0.7,1.73,40.986120830324886,14.171384429912516
271.0,0.7,1.83,40.986120830324886,14.171385619941677
272.0,0.7,1.93,40.986120830324886,14.171386809970839
273.0,0.7,2.03,40.986120830324886,14.171388
274.0,0.7,2.13,40.986120830324886,14.171389190029162
275.0,0.7,2.23,40.986120830324886,14.171390380058323
276.0,0.7,2.33,40.986120830324886,14.171391570087485
277.0,0.7,2.43,40.986120830324886,14.171392760116646
278.0,0.7,2.53,40.986120830324886,14.17139395014581
279.0,0.7,2.63,40.986120830324886,14.17139514017497
280.0,0.7,2.73,40.986120830324886,14.171396330204132
281.0,0.8,0.83,40.98612172864017,14.171373719650061
282.0,0.8,0.93,40.98612172864017,14.171374909679223
283.0,0.8,1.03,40.98612172864017,14.171376099708384
284.0,0.8,1.13,40.98612172864017,14.171377289737546
285.0,0.8,1.23,40.98612172864017,14.171378479766707
286.0,0.8,1.33,40.98612172864017,14.171379669795868
287.0,0.8,1.43,40.98612172864017,14.17138085982503
288.0,0.8,1.53,40.98612172864017,14.171382049854191
289.0,0.8,1.63,40.98612172864017,14.171383239883355
290.0,0.8,1.73,40.98612172864017,14.171384429912516
291.0,0.8,1.83,40.98612172864017,14.171385619941677
292.0,0.8,1.93,40.98612172864017,14.171386809970839
293.0,0.8,2.03,40.98612172864017,14.171388
294.0,0.8,2.13,40.98612172864017,14.171389190029162
295.0,0.8,2.23,40.98612172864017,14.171390380058323
296.0,0.8,2.33,40.98612172864017,14.171391570087485
297.0,0.8,2.43,40.98612172864017,14.171392760116646
298.0,0.8,2.53,40.98612172864017,14.17139395014581
299.0,0.8,2.63,40.98612172864017,14.17139514017497
300.0,0.8,2.73,40.98612172864017,14.171396330204132
301.0,0.9,0.83,40.986122626955456,14.171373719650061
302.0,0.9,0.93,40.986122626955456,14.171374909679223
303.0,0.9,1.03,40.986122626955456,14.171376099708384
304.0,0.9,1.13,40.986122626955456,14.171377289737546
305.0,0.9,1.23,40.986122626955456,14.171378479766707
306.0,0.9,1.33,40.986122626955456,14.171379669795868
307.0,0.9,1.43,40.986122626955456,14.17138085982503
308.0,0.9,1.53,40.986122626955456,14.171382049854191
309.0,0.9,1.63,40.986122626955456,14.171383239883355
310.0,0.9,1.73,40.986122626955456,14.171384429912516
311.0,0.9,1.83,40.986122626955456,14.171385619941677
312.0,0.9,1.93,40.986122626955456,14.171386809970839
313.0,0.9,2.03,40.986122626955456,14.171388
314.0,0.9,2.13,40.986122626955456,14.171389190029162
315.0,0.9,2.23,40.986122626955456,14.171390380058323
316.0,0.9,2.33,40.986122626955456,14.171391570087485
317.0,0.9,2.43,40.986122626955456,14.171392760116646
318.0,0.9,2.53,40.986122626955456,14.17139395014581
319.0,0.9,2.63,40.986122626955456,14.17139514017497
320.0,0.9,2.73,40.986122626955456,14.171396330204132
321.0,1.0,0.83,40.986123525270735,14.171373719650061
322.0,1.0,0.93,40.986123525270735,14.171374909679223
323.0,1.0,1.03,40.986123525270735,14.171376099708384
324.0,1.0,1.13,40.986123525270735,14.171377289737546
325.0,1.0,1.23,40.986123525270735,14.171378479766707
326.0,1.0,1.33,40.986123525270735,14.171379669795868
327.0,1.0,1.43,40.986123525270735,14.17138085982503
328.0,1.0,1.53,40.986123525270735,14.171382049854191
329.0,1.0,1.63,40.986123525270735,14.171383239883355
330.0,1.0,1.73,40.986123525270735,14.171384429912516
331.0,1.0,1.83,40.986123525270735,14.171385619941677
332.0,1.0,1.93,40.986123525270735,14.171386809970839
333.0,1.0,2.03,40.986123525270735,14.171388
334.0,1.0,2.13,40.986123525270735,14.171389190029162
335.0,1.0,2.23,40.986123525270735,14.171390380058323
336.0,1.0,2.33,40.986123525270735,14.171391570087485
337.0,1.0,2.43,40.986123525270735,14.171392760116646
338.0,1.0,2.53,40.986123525270735,14.17139395014581
339.0,1.0,2.63,40.986123525270735,14.17139514017497
340.0,1.0,2.73,40.986123525270735,14.171396330204132
341.0,1.1,0.83,40.98612442358602,14.171373719650061
342.0,1.1,0.93,40.98612442358602,14.171374909679223
343.0,1.1,1.03,40.98612442358602,14.171376099708384
344.0,1.1,1.13,40.98612442358602,14.171377289737546
345.0,1.1,1.23,40.98612442358602,14.171378479766707
346.0,1.1,1.33,40.98612442358602,14.171379669795868
347.0,1.1,1.43,40.98612442358602,14.17138085982503
348.0,1.1,1.53,40.98612442358602,14.171382049854191
349.0,1.1,1.63,40.98612442358602,14.171383239883355
350.0,1.1,1.73,40.98612442358602,14.171384429912516
351.0,1.1,1.83,40.98612442358602,14.171385619941677
352.0,1.1,1.93,40.98612442358602,14.171386809970839
353.0,1.1,2.03,40.98612442358602,14.171388
354.0,1.1,2.13,40.98612442358602,14.171389190029162
355.0,1.1,2.23,40.98612442358602,14.171390380058323
356.0,1.1,2.33,40.98612442358602,14.171391570087485
357.0,1.1,2.43,40.98612442358602,14.171392760116646
358.0,1.1,2.53,40.98612442358602,14.17139395014581
359.0,1.1,2.63,40.98612442358602,14.17139514017497
360.0,1.1,2.73,40.98612442358602,14.171396330204132
361.0,1.2,0.83,40.986125321901305,14.171373719650061
362.0,1.2,0.93,40.986125321901305,14.171374909679223
363.0,1.2,1.03,40.986125321901305,14.171376099708384
364.0,1.2,1.13,40.986125321901305,14.171377289737546
365.0,1.2,1.23,40.986125321901305,14.171378479766707
366.0,1.2,1.33,40.986125321901305,14.171379669795868
367.0,1.2,1.43,40.986125321901305,14.17138085982503
368.0,1.2,1.53,40.986125321901305,14.171382049854191
369.0,1.2,1.63,40.986125321901305,14.171383239883355
370.0,1.2,1.73,40.986125321901305,14.171384429912516
371.0,1.2,1.83,40.986125321901305,14.171385619941677
372.0,1.2,1.93,40.986125321901305,14.171386809970839
373.0,1.2,2.03,40.986125321901305,14.171388
374.0,1.2,2.13,40.986125321901305,14.171389190029162
375.0,1.2,2.23,40.986125321901305,14.171390380058323
376.0,1.2,2.33,40.986125321901305,14.171391570087485
377.0,1.2,2.43,40.986125321901305,14.171392760116646
378.0,1.2,2.53,40.986125321901305,14.17139395014581
379.0,1.2,2.63,40.986125321901305,14.17139514017497
380.0,1.2,2.73,40.986125321901305,14.171396330204132
381.0,1.3,0.83,40.98612622021659,14.171373719650061
382.0,1.3,0.93,40.98612622021659,14.171374909679223
383.0,1.3,1.03,40.98612622021659,14.171376099708384
384.0,1.3,1.13,40.98612622021659,14.171377289737546
385.0,1.3,1.23,40.98612622021659,14.171378479766707
386.0,1.3,1.33,40.98612622021659,14.171379669795868
387.0,1.3,1.43,40.98612622021659,14.17138085982503
388.0,1.3,1.53,40.98612622021659,14.171382049854191
389.0,1.3,1.63,40.98612622021659,14.171383239883355
390.0,1.3,1.73,40.98612622021659,14.171384429912516
391.0,1.3,1.83,40.98612622021659,14.171385619941677
392.0,1.3,1.93,40.98612622021659,14.171386809970839
393.0,1.3,2.03,40.98612622021659,14.171388
394.0,1.3,2.13,40.98612622021659,14.171389190029162
395.0,1.3,2.23,40.98612622021659,14.171390380058323
396.0,1.3,2.33,40.98612622021659,14.171391570087485
397.0,1.3,2.43,40.98612622021659,14.171392760116646
398.0,1.3,2.53,40.98612622021659,14.17139395014581
399.0,1.3,2.63,40.98612622021659,14.17139514017497
400.0,1.3,2.73,40.98612622021659,14.171396330204132
401.0,1.4,0.83,40.986127118531876,14.171373719650061
402.0,1.4,0.93,40.986127118531876,14.171374909679223
403.0,1.4,1.03,40.986127118531876,14.171376099708384
404.0,1.4,1.13,40.986127118531876,14.171377289737546
405.0,1.4,1.23,40.986127118531876,14.171378479766707
406.0,1.4,1.33,40.986127118531876,14.171379669795868
407.0,1.4,1.43,40.986127118531876,14.17138085982503
408.0,1.4,1.53,40.986127118531876,14.171382049854191
409.0,1.4,1.63,40.986127118531876,14.171383239883355
410.0,1.4,1.73,40.986127118531876,14.171384429912516
411.0,1.4,1.83,40.986127118531876,14.171385619941677
412.0,1.4,1.93,40.986127118531876,14.171386809970839
413.0,1.4,2.03,40.986127118531876,14.171388
414.0,1.4,2.13,40.986127118531876,14.171389190029162
415.0,1.4,2.23,40.986127118531876,14.171390380058323
416.0,1.4,2.33,40.986127118531876,14.171391570087485
417.0,1.4,2.43,40.986127118531876,14.171392760116646
418.0,1.4,2.53,40.986127118531876,14.17139395014581
419.0,1.4,2.63,40.986127118531876,14.17139514017497
420.0,1.4,2.73,40.986127118531876,14.171396330204132
421.0,1.5,0.83,40.98612801684716,14.171373719650061
422.0,1.5,0.93,40.98612801684716,14.171374909679223
423.0,1.5,1.03,40.98612801684716,14.171376099708384
424.0,1.5,1.13,40.98612801684716,14.171377289737546
425.0,1.5,1.23,40.98612801684716,14.171378479766707
426.0,1.5,1.33,40.98612801684716,14.171379669795868
427.0,1.5,1.43,40.98612801684716,14.17138085982503
428.0,1.5,1.53,40.98612801684716,14.171382049854191
429.0,1.5,1.63,40.98612801684716,14.171383239883355
430.0,1.5,1.73,40.98612801684716,14.171384429912516
431.0,1.5,1.83,40.98612801684716,14.171385619941677
432.0,1.5,1.93,40.98612801684716,14.171386809970839
433.0,1.5,2.03,40.98612801684716,14.171388
434.0,1.5,2.13,40.98612801684716,14.171389190029162
435.0,1.5,2.23,40.98612801684716,14.171390380058323
436.0,1.5,2.33,40.98612801684716,14.171391570087485
437.0,1.5,2.43,40.98612801684716,14.171392760116646
438.0,1.5,2.53,40.98612801684716,14.17139395014581
439.0,1.5,2.63,40.98612801684716,14.17139514017497
440.0,1.5,2.73,40.98612801684716,14.171396330204132
441.0,1.6,0.83,40.98612891516244,14.171373719650061
442.0,1.6,0.93,40.98612891516244,14.171374909679223
443.0,1.6,1.03,40.98612891516244,14.171376099708384
444.0,1.6,1.13,40.98612891516244,14.171377289737546
445.0,1.6,1.23,40.98612891516244,14.171378479766707
446.0,1.6,1.33,40.98612891516244,14.171379669795868
447.0,1.6,1.43,40.98612891516244,14.17138085982503
448.0,1.6,1.53,40.98612891516244,14.171382049854191
449.0,1.6,1.63,40.98612891516244,14.171383239883355
450.0,1.6,1.73,40.98612891516244,14.171384429912516
451.0,1.6,1.83,40.98612891516244,14.171385619941677
452.0,1.6,1.93,40.98612891516244,14.171386809970839
453.0,1.6,2.03,40.98612891516244,14.171388
454.0,1.6,2.13,40.98612891516244,14.171389190029162
455.0,1.6,2.23,40.98612891516244,14.171390380058323
456.0,1.6,2.33,40.98612891516244,14.171391570087485
457.0,1.6,2.43,40.98612891516244,14.171392760116646
458.0,1.6,2.53,40.98612891516244,14.17139395014581
459.0,1.6,2.63,40.98612891516244,14.17139514017497
460.0,1.6,2.73,40.98612891516244,14.171396330204132
461.0,1.7,0.83,40.986129813477724,14.171373719650061
462.0,1.7,0.93,40.986129813477724,14.171374909679223
463.0,1.7,1.03,40.986129813477724,14.171376099708384
464.0,1.7,1.13,40.986129813477724,14.171377289737546
465.0,1.7,1.23,40.986129813477724,14.171378479766707
466.0,1.7,1.33,40.986129813477724,14.171379669795868
467.0,1.7,1.43,40.986129813477724,14.17138085982503
468.0,1.7,1.53,40.986129813477724,14.171382049854191
469.0,1.7,1.63,40.986129813477724,14.171383239883355
470.0,1.7,1.73,40.986129813477724,14.171384429912516
471.0,1.7,1.83,40.986129813477724,14.171385619941677
472.0,1.7,1.93,40.986129813477724,14.171386809970839
473.0,1.7,2.03,40.986129813477724,14.171388
474.0,1.7,2.13,40.986129813477724,14.171389190029162
475.0,1.7,2.23,40.986129813477724,14.171390380058323
476.0,1.7,2.33,40.986129813477724,14.171391570087485
477.0,1.7,2.43,40.986129813477724,14.171392760116646
478.0,1.7,2.53,40.986129813477724,14.17139395014581
479.0,1.7,2.63,40.986129813477724,14.17139514017497
480.0,1.7,2.73,40.986129813477724,14.171396330204132
481.0,1.8,0.83,40.98613071179301,14.171373719650061
482.0,1.8,0.93,40.98613071179301,14.171374909679223
483.0,1.8,1.03,40.98613071179301,14.171376099708384
484.0,1.8,1.13,40.98613071179301,14.171377289737546
485.0,1.8,1.23,40.98613071179301,14.171378479766707
486.0,1.8,1.33,40.98613071179301,14.171379669795868
487.0,1.8,1.43,40.98613071179301,14.17138085982503
488.0,1.8,1.53,40.98613071179301,14.171382049854191
489.0,1.8,1.63,40.98613071179301,14.171383239883355
490.0,1.8,1.73,40.98613071179301,14.171384429912516
491.0,1.8,1.83,40.98613071179301,14.171385619941677
492.0,1.8,1.93,40.98613071179301,14.171386809970839
493.0,1.8,2.03,40.98613071179301,14.171388
494.0,1.8,2.13,40.98613071179301,14.171389190029162
495.0,1.8,2.23,40.98613071179301,14.171390380058323
496.0,1.8,2.33,40.98613071179301,14.171391570087485
497.0,1.8,2.43,40.98613071179301,14.171392760116646
498.0,1.8,2.53,40.98613071179301,14.17139395014581
499.0,1.8,2.63,40.98613071179301,14.17139514017497
500.0,1.8,2.73,40.98613071179301,14.171396330204132
501.0,1.9,0.83,40.986131610108295,14.171373719650061
502.0,1.9,0.93,40.986131610108295,14.171374909679223
503.0,1.9,1.03,40.986131610108295,14.171376099708384
504.0,1.9,1.13,40.986131610108295,14.171377289737546
505.0,1.9,1.23,40.986131610108295,14.171378479766707
506.0,1.9,1.33,40.986131610108295,14.171379669795868
507.0,1.9,1.43,40.986131610108295,14.17138085982503
508.0,1.9,1.53,40.986131610108295,14.171382049854191
509.0,1.9,1.63,40.986131610108295,14.171383239883355
510.0,1.9,1.73,40.986131610108295,14.171384429912516
511.0,1.9,1.83,40.986131610108295,14.171385619941677
512.0,1.9,1.93,40.986131610108295,14.171386809970839
513.0,1.9,2.03,40.986131610108295,14.171388
514.0,1.9,2.13,40.986131610108295,14.171389190029162
515.0,1.9,2.23,40.986131610108295,14.171390380058323
516.0,1.9,2.33,40.986131610108295,14.171391570087485
517.0,1.9,2.43,40.986131610108295,14.171392760116646
518.0,1.9,2.53,40.986131610108295,14.17139395014581
519.0,1.9,2.63,40.986131610108295,14.17139514017497
520.0,1.9,2.73,40.986131610108295,14.171396330204132
521.0,2.0,0.83,40.98613250842358,14.171373719650061
522.0,2.0,0.93,40.98613250842358,14.171374909679223
523.0,2.0,1.03,40.98613250842358,14.171376099708384
524.0,2.0,1.13,40.98613250842358,14.171377289737546
525.0,2.0,1.23,40.98613250842358,14.171378479766707
526.0,2.0,1.33,40.98613250842358,14.171379669795868
527.0,2.0,1.43,40.98613250842358,14.17138085982503
528.0,2.0,1.53,40.98613250842358,14.171382049854191
529.0,2.0,1.63,40.98613250842358,14.171383239883355
530.0,2.0,1.73,40.98613250842358,14.171384429912516
531.0,2.0,1.83,40.98613250842358,14.171385619941677
532.0,2.0,1.93,40.98613250842358,14.171386809970839
533.0,2.0,2.03,40.98613250842358,14.171388
534.0,2.0,2.13,40.98613250842358,14.171389190029162
535.0,2.0,2.23,40.98613250842358,14.171390380058323
536.0,2.0,2.33,40.98613250842358,14.171391570087485
537.0,2.0,2.43,40.98613250842358,14.171392760116646
538.0,2.0,2.53,40.98613250842358,14.17139395014581
539.0,2.0,2.63,40.98613250842358,14.17139514017497
540.0,2.0,2.73,40.98613250842358,14.171396330204132
541.0,2.1,0.83,40.986133406738865,14.171373719650061
542.0,2.1,0.93,40.986133406738865,14.171374909679223
543.0,2.1,1.03,40.986133406738865,14.171376099708384
544.0,2.1,1.13,40.986133406738865,14.171377289737546
545.0,2.1,1.23,40.986133406738865,14.171378479766707
546.0,2.1,1.33,40.986133406738865,14.171379669795868
547.0,2.1,1.43,40.986133406738865,14.17138085982503
548.0,2.1,1.53,40.986133406738865,14.171382049854191
549.0,2.1,1.63,40.986133406738865,14.171383239883355
550.0,2.1,1.73,40.986133406738865,14.171384429912516
551.0,2.1,1.83,40.986133406738865,14.171385619941677
552.0,2.1,1.93,40.986133406738865,14.171386809970839
553.0,2.1,2.03,40.986133406738865,14.171388
554.0,2.1,2.13,40.986133406738865,14.171389190029162
555.0,2.1,2.23,40.986133406738865,14.171390380058323
556.0,2.1,2.33,40.986133406738865,14.171391570087485
557.0,2.1,2.43,40.986133406738865,14.171392760116646
558.0,2.1,2.53,40.986133406738865,14.17139395014581
559.0,2.1,2.63,40.986133406738865,14.17139514017497
560.0,2.1,2.73,40.986133406738865,14.171396330204132
561.0,2.2,0.83,40.986134305054144,14.171373719650061
562.0,2.2,0.93,40.986134305054144,14.171374909679223
563.0,2.2,1.03,40.986134305054144,14.171376099708384
564.0,2.2,1.13,40.986134305054144,14.171377289737546
565.0,2.2,1.23,40.986134305054144,14.171378479766707
566.0,2.2,1.33,40.986134305054144,14.171379669795868
567.0,2.2,1.43,40.986134305054144,14.17138085982503
568.0,2.2,1.53,40.986134305054144,14.171382049854191
569.0,2.2,1.63,40.986134305054144,14.171383239883355
570.0,2.2,1.73,40.986134305054144,14.171384429912516
571.0,2.2,1.83,40.986134305054144,14.171385619941677
572.0,2.2,1.93,40.986134305054144,14.171386809970839
573.0,2.2,2.03,40.986134305054144,14.171388
574.0,2.2,2.13,40.986134305054144,14.171389190029162
575.0,2.2,2.23,40.986134305054144,14.171390380058323
576.0,2.2,2.33,40.986134305054144,14.171391570087485
577.0,2.2,2.43,40.986134305054144,14.171392760116646
578.0,2.2,2.53,40.986134305054144,14.17139395014581
579.0,2.2,2.63,40.986134305054144,14.17139514017497
580.0,2.2,2.73,40.986134305054144,14.171396330204132
