Position,x,y,FF:FF:11:15:F5:9A,FF:FF:11:15:2D:C4,FF:FF:11:10:14:A0,Distance_B_Blu_FF_FF_11_10_14_A0,Distance_B_Verde_FF:FF:11:15:2D:C4,Distance_B_Nero_FF:FF:11:15:F5:9A
1.0,-0.6,0.83,-75.0,-69.0,-69.0,1.024,2.92,2.425
2.0,-0.6,0.93,-82.0,-75.0,-62.0,1.107,2.95,2.329
3.0,-0.6,1.03,-68.0,-71.0,-60.0,1.192,2.983,2.232
4.0,-0.6,1.13,-89.0,-71.0,-61.0,1.279,3.019,2.136
5.0,-0.6,1.23,-77.0,-79.0,-64.0,1.369,3.058,2.04
6.0,-0.6,1.33,-71.0,-75.0,-67.0,1.459,3.1,1.945
7.0,-0.6,1.43,-80.0,-81.0,-66.0,1.551,3.144,1.85
8.0,-0.6,1.53,-80.0,-75.0,-70.0,1.643,3.191,1.756
9.0,-0.6,1.63,-84.0,-72.0,-67.0,1.737,3.24,1.662
10.0,-0.6,1.73,-82.0,-79.0,-73.0,1.831,3.291,1.569
11.0,-0.6,1.83,-81.0,-76.0,-67.0,1.926,3.345,1.477
12.0,-0.6,1.93,-87.0,-74.0,-68.0,2.021,3.401,1.387
13.0,-0.6,2.03,-66.0,-78.0,-71.0,2.117,3.458,1.297
14.0,-0.6,2.13,-80.0,-73.0,-71.0,2.213,3.518,1.209
15.0,-0.6,2.23,-77.0,-68.0,-65.0,2.309,3.58,1.124
16.0,-0.6,2.33,-77.0,-68.0,-70.0,2.406,3.643,1.04
17.0,-0.6,2.43,-81.0,-67.0,-65.0,2.503,3.707,0.96
18.0,-0.6,2.53,-79.0,-65.0,-63.0,2.6,3.774,0.885
19.0,-0.6,2.63,-81.0,-71.0,-59.0,2.698,3.841,0.814
20.0,-0.6,2.73,-78.0,-75.0,-71.0,2.795,3.911,0.75
21.0,-0.5,0.83,-84.0,-75.0,-65.0,0.969,2.825,2.403
22.0,-0.5,0.93,-71.0,-73.0,-71.0,1.056,2.856,2.305
23.0,-0.5,1.03,-83.0,-83.0,-63.0,1.145,2.89,2.207
24.0,-0.5,1.13,-81.0,-77.0,-69.0,1.236,2.927,2.11
25.0,-0.5,1.23,-77.0,-75.0,-70.0,1.328,2.967,2.013
26.0,-0.5,1.33,-90.0,-79.0,-72.0,1.421,3.01,1.916
27.0,-0.5,1.43,-80.0,-82.0,-76.0,1.515,3.055,1.82
28.0,-0.5,1.53,-73.0,-76.0,-70.0,1.61,3.103,1.724
29.0,-0.5,1.63,-71.0,-75.0,-69.0,1.705,3.154,1.629
30.0,-0.5,1.73,-81.0,-73.0,-70.0,1.801,3.207,1.534
31.0,-0.5,1.83,-66.0,-69.0,-68.0,1.897,3.262,1.44
32.0,-0.5,1.93,-83.0,-74.0,-69.0,1.994,3.319,1.346
33.0,-0.5,2.03,-72.0,-75.0,-65.0,2.091,3.378,1.254
34.0,-0.5,2.13,-79.0,-73.0,-72.0,2.188,3.439,1.163
35.0,-0.5,2.23,-76.0,-80.0,-67.0,2.285,3.502,1.074
36.0,-0.5,2.33,-78.0,-62.0,-62.0,2.383,3.566,0.986
37.0,-0.5,2.43,-74.0,-70.0,-66.0,2.481,3.632,0.901
38.0,-0.5,2.53,-86.0,-69.0,-69.0,2.579,3.7,0.82
39.0,-0.5,2.63,-73.0,-73.0,-74.0,2.677,3.769,0.743
40.0,-0.5,2.73,-76.0,-78.0,-71.0,2.775,3.84,0.673
41.0,-0.4,0.83,-77.0,-74.0,-61.0,0.921,2.729,2.384
42.0,-0.4,0.93,-71.0,-81.0,-59.0,1.012,2.761,2.285
43.0,-0.4,1.03,-74.0,-75.0,-59.0,1.105,2.797,2.187
44.0,-0.4,1.13,-94.0,-80.0,-59.0,1.199,2.835,2.089
45.0,-0.4,1.23,-71.0,-68.0,-55.0,1.293,2.876,1.991
46.0,-0.4,1.33,-70.0,-74.0,-60.0,1.389,2.92,1.893
47.0,-0.4,1.43,-77.0,-75.0,-65.0,1.485,2.967,1.795
48.0,-0.4,1.53,-75.0,-74.0,-63.0,1.581,3.017,1.698
49.0,-0.4,1.63,-82.0,-84.0,-63.0,1.678,3.069,1.601
50.0,-0.4,1.73,-72.0,-70.0,-62.0,1.776,3.123,1.504
51.0,-0.4,1.83,-72.0,-78.0,-65.0,1.873,3.179,1.408
51.0,-0.4,1.93,-76.0,-82.0,-65.0,1.971,3.238,1.312
53.0,-0.4,2.03,-81.0,-74.0,-63.0,2.069,3.299,1.218
54.0,-0.4,2.13,-73.0,-65.0,-65.0,2.167,3.361,1.124
55.0,-0.4,2.23,-80.0,-70.0,-67.0,2.266,3.425,1.031
56.0,-0.4,2.33,-80.0,-71.0,-62.0,2.364,3.491,0.939
57.0,-0.4,2.43,-76.0,-78.0,-69.0,2.463,3.559,0.85
58.0,-0.4,2.53,-71.0,-74.0,-67.0,2.561,3.628,0.763
59.0,-0.4,2.63,-70.0,-75.0,-68.0,2.66,3.698,0.68
60.0,-0.4,2.73,-80.0,-78.0,-69.0,2.759,3.77,0.602
61.0,-0.3,0.83,-79.0,-79.0,-81.0,0.883,2.634,2.369
62.0,-0.3,0.93,-77.0,-78.0,-61.0,0.977,2.667,2.27
63.0,-0.3,1.03,-73.0,-68.0,-60.0,1.073,2.704,2.171
64.0,-0.3,1.13,-70.0,-77.0,-58.0,1.169,2.744,2.072
65.0,-0.3,1.23,-72.0,-64.0,-57.0,1.266,2.786,1.973
66.0,-0.3,1.33,-80.0,-75.0,-62.0,1.363,2.832,1.874
67.0,-0.3,1.43,-81.0,-78.0,-64.0,1.461,2.88,1.776
68.0,-0.3,1.53,-73.0,-76.0,-70.0,1.559,2.931,1.677
69.0,-0.3,1.63,-72.0,-77.0,-65.0,1.657,2.984,1.579
70.0,-0.3,1.73,-68.0,-76.0,-64.0,1.756,3.04,1.481
71.0,-0.3,1.83,-75.0,-69.0,-73.0,1.854,3.098,1.383
72.0,-0.3,1.93,-82.0,-68.0,-71.0,1.953,3.158,1.285
73.0,-0.3,2.03,-75.0,-70.0,-64.0,2.052,3.22,1.188
74.0,-0.3,2.13,-77.0,-72.0,-66.0,2.151,3.284,1.092
75.0,-0.3,2.23,-72.0,-74.0,-67.0,2.25,3.35,0.996
76.0,-0.3,2.33,-79.0,-74.0,-68.0,2.349,3.417,0.901
77.0,-0.3,2.43,-79.0,-76.0,-69.0,2.448,3.486,0.808
78.0,-0.3,2.53,-72.0,-70.0,-61.0,2.548,3.557,0.716
79.0,-0.3,2.63,-75.0,-74.0,-69.0,2.647,3.629,0.626
80.0,-0.3,2.73,-73.0,-76.0,-64.0,2.746,3.702,0.541
81.0,-0.2,0.83,-73.0,-77.0,-57.0,0.854,2.539,2.358
82.0,-0.2,0.93,-77.0,-71.0,-67.0,0.951,2.574,2.259
83.0,-0.2,1.03,-72.0,-79.0,-63.0,1.049,2.612,2.159
84.0,-0.2,1.13,-80.0,-78.0,-58.0,1.148,2.653,2.06
85.0,-0.2,1.23,-88.0,-73.0,-59.0,1.246,2.697,1.96
86.0,-0.2,1.33,-72.0,-77.0,-61.0,1.345,2.744,1.861
87.0,-0.2,1.43,-76.0,-78.0,-61.0,1.444,2.794,1.761
88.0,-0.2,1.53,-79.0,-74.0,-65.0,1.543,2.846,1.662
89.0,-0.2,1.63,-82.0,-77.0,-63.0,1.642,2.901,1.563
90.0,-0.2,1.73,-82.0,-74.0,-62.0,1.742,2.959,1.464
91.0,-0.2,1.83,-79.0,-70.0,-63.0,1.841,3.018,1.365
92.0,-0.2,1.93,-70.0,-67.0,-63.0,1.94,3.08,1.266
93.0,-0.2,2.03,-68.0,-80.0,-65.0,2.04,3.143,1.167
94.0,-0.2,2.13,-71.0,-70.0,-65.0,2.139,3.209,1.069
95.0,-0.2,2.23,-74.0,-69.0,-66.0,2.239,3.276,0.971
96.0,-0.2,2.33,-71.0,-77.0,-70.0,2.339,3.345,0.873
97.0,-0.2,2.43,-77.0,-77.0,-71.0,2.438,3.415,0.776
98.0,-0.2,2.53,-78.0,-74.0,-66.0,2.538,3.487,0.68
99.0,-0.2,2.63,-82.0,-84.0,-69.0,2.638,3.56,0.585
100.0,-0.2,2.73,-69.0,-72.0,-69.0,2.737,3.635,0.492
101.0,-0.1,0.83,-69.0,-57.0,-64.0,0.836,2.445,2.352
102.0,-0.1,0.93,-84.0,-76.0,-59.0,0.935,2.481,2.252
103.0,-0.1,1.03,-83.0,-78.0,-58.0,1.035,2.52,2.152
104.0,-0.1,1.13,-70.0,-78.0,-62.0,1.134,2.563,2.052
105.0,-0.1,1.23,-78.0,-75.0,-64.0,1.234,2.608,1.953
106.0,-0.1,1.33,-74.0,-76.0,-64.0,1.334,2.657,1.853
107.0,-0.1,1.43,-76.0,-76.0,-68.0,1.433,2.708,1.753
108.0,-0.1,1.53,-79.0,-71.0,-71.0,1.533,2.762,1.653
109.0,-0.1,1.63,-72.0,-68.0,-66.0,1.633,2.819,1.553
110.0,-0.1,1.73,-82.0,-69.0,-65.0,1.733,2.878,1.453
111.0,-0.1,1.83,-80.0,-83.0,-67.0,1.833,2.939,1.354
112.0,-0.1,1.93,-73.0,-68.0,-68.0,1.933,3.002,1.254
113.0,-0.1,2.03,-78.0,-79.0,-68.0,2.032,3.068,1.154
114.0,-0.1,2.13,-72.0,-74.0,-70.0,2.132,3.135,1.055
115.0,-0.1,2.23,-77.0,-69.0,-74.0,2.232,3.204,0.955
116.0,-0.1,2.33,-81.0,-71.0,-69.0,2.332,3.274,0.856
117.0,-0.1,2.43,-71.0,-81.0,-66.0,2.432,3.346,0.757
118.0,-0.1,2.53,-67.0,-77.0,-72.0,2.532,3.419,0.658
119.0,-0.1,2.63,-65.0,-76.0,-70.0,2.632,3.494,0.559
120.0,-0.1,2.73,-62.0,-69.0,-67.0,2.732,3.57,0.461
121.0,0.0,0.83,-75.0,-83.0,-62.0,0.83,2.351,2.35
122.0,0.0,0.93,-80.0,-76.0,-61.0,0.93,2.388,2.25
123.0,0.0,1.03,-76.0,-66.0,-58.0,1.03,2.429,2.15
124.0,0.0,1.13,-71.0,-86.0,-56.0,1.13,2.473,2.05
125.0,0.0,1.23,-82.0,-77.0,-69.0,1.23,2.52,1.95
126.0,0.0,1.33,-75.0,-71.0,-61.0,1.33,2.571,1.85
127.0,0.0,1.43,-73.0,-79.0,-58.0,1.43,2.624,1.75
128.0,0.0,1.53,-75.0,-72.0,-68.0,1.53,2.68,1.65
129.0,0.0,1.63,-74.0,-69.0,-84.0,1.63,2.738,1.55
130.0,0.0,1.73,-72.0,-69.0,-62.0,1.73,2.799,1.45
131.0,0.0,1.83,-80.0,-68.0,-64.0,1.83,2.862,1.35
132.0,0.0,1.93,-80.0,-70.0,-67.0,1.93,2.927,1.25
133.0,0.0,2.03,-75.0,-72.0,-80.0,2.03,2.993,1.15
134.0,0.0,2.13,-82.0,-80.0,-76.0,2.13,3.062,1.05
135.0,0.0,2.23,-77.0,-70.0,-68.0,2.23,3.133,0.95
136.0,0.0,2.33,-69.0,-78.0,-77.0,2.33,3.205,0.85
137.0,0.0,2.43,-79.0,-79.0,-72.0,2.43,3.278,0.75
138.0,0.0,2.53,-80.0,-83.0,-69.0,2.53,3.353,0.65
139.0,0.0,2.63,-67.0,-76.0,-66.0,2.63,3.429,0.55
140.0,0.0,2.73,-69.0,-83.0,-73.0,2.73,3.506,0.45
141.0,0.1,0.83,-77.0,-76.0,-61.0,0.836,2.258,2.352
142.0,0.1,0.93,-74.0,-79.0,-62.0,0.935,2.297,2.252
143.0,0.1,1.03,-83.0,-80.0,-68.0,1.035,2.339,2.152
144.0,0.1,1.13,-63.0,-68.0,-58.0,1.134,2.385,2.052
145.0,0.1,1.23,-77.0,-77.0,-65.0,1.234,2.434,1.953
146.0,0.1,1.33,-81.0,-74.0,-62.0,1.334,2.486,1.853
147.0,0.1,1.43,-75.0,-73.0,-62.0,1.433,2.541,1.753
148.0,0.1,1.53,-75.0,-78.0,-64.0,1.533,2.598,1.653
149.0,0.1,1.63,-70.0,-70.0,-65.0,1.633,2.658,1.553
150.0,0.1,1.73,-74.0,-78.0,-65.0,1.733,2.721,1.453
151.0,0.1,1.83,-69.0,-65.0,-66.0,1.833,2.785,1.354
152.0,0.1,1.93,-69.0,-68.0,-71.0,1.933,2.852,1.254
153.0,0.1,2.03,-75.0,-67.0,-66.0,2.032,2.921,1.154
154.0,0.1,2.13,-66.0,-65.0,-68.0,2.132,2.991,1.055
155.0,0.1,2.23,-77.0,-74.0,-74.0,2.232,3.063,0.955
156.0,0.1,2.33,-70.0,-70.0,-74.0,2.332,3.137,0.856
157.0,0.1,2.43,-71.0,-76.0,-73.0,2.432,3.212,0.757
158.0,0.1,2.53,-66.0,-65.0,-71.0,2.532,3.288,0.658
159.0,0.1,2.63,-65.0,-68.0,-76.0,2.632,3.366,0.559
160.0,0.1,2.73,-63.0,-70.0,-64.0,2.732,3.444,0.461
161.0,0.2,0.83,-74.0,-74.0,-61.0,0.854,2.165,2.358
162.0,0.2,0.93,-72.0,-81.0,-59.0,0.951,2.206,2.259
163.0,0.2,1.03,-75.0,-80.0,-72.0,1.049,2.25,2.159
164.0,0.2,1.13,-77.0,-67.0,-62.0,1.148,2.297,2.06
165.0,0.2,1.23,-72.0,-77.0,-65.0,1.246,2.348,1.96
166.0,0.2,1.33,-73.0,-75.0,-60.0,1.345,2.402,1.861
167.0,0.2,1.43,-74.0,-76.0,-63.0,1.444,2.459,1.761
168.0,0.2,1.53,-77.0,-71.0,-65.0,1.543,2.518,1.662
169.0,0.2,1.63,-75.0,-69.0,-64.0,1.642,2.58,1.563
170.0,0.2,1.73,-80.0,-67.0,-72.0,1.742,2.644,1.464
171.0,0.2,1.83,-82.0,-80.0,-67.0,1.841,2.711,1.365
172.0,0.2,1.93,-73.0,-75.0,-67.0,1.94,2.779,1.266
173.0,0.2,2.03,-74.0,-78.0,-71.0,2.04,2.85,1.167
174.0,0.2,2.13,-67.0,-73.0,-72.0,2.139,2.922,1.069
175.0,0.2,2.23,-65.0,-71.0,-64.0,2.239,2.995,0.971
176.0,0.2,2.33,-65.0,-72.0,-66.0,2.339,3.071,0.873
177.0,0.2,2.43,-68.0,-68.0,-74.0,2.438,3.147,0.776
178.0,0.2,2.53,-67.0,-70.0,-69.0,2.538,3.225,0.68
179.0,0.2,2.63,-70.0,-71.0,-77.0,2.638,3.304,0.585
180.0,0.2,2.73,-75.0,-72.0,-72.0,2.737,3.384,0.492
181.0,0.3,0.83,-75.0,-64.0,-58.0,0.883,2.073,2.369
182.0,0.3,0.93,-73.0,-71.0,-57.0,0.977,2.115,2.27
183.0,0.3,1.03,-79.0,-69.0,-61.0,1.073,2.161,2.171
184.0,0.3,1.13,-76.0,-70.0,-60.0,1.169,2.211,2.072
185.0,0.3,1.23,-67.0,-69.0,-61.0,1.266,2.263,1.973
186.0,0.3,1.33,-70.0,-54.0,-55.0,1.363,2.319,1.874
187.0,0.3,1.43,-85.0,-54.0,-60.0,1.461,2.378,1.776
188.0,0.3,1.53,-70.0,-54.0,-58.0,1.559,2.439,1.677
189.0,0.3,1.63,-78.0,-76.0,-65.0,1.657,2.503,1.579
190.0,0.3,1.73,-72.0,-79.0,-70.0,1.756,2.57,1.481
191.0,0.3,1.83,-79.0,-71.0,-70.0,1.854,2.638,1.383
192.0,0.3,1.93,-72.0,-71.0,-72.0,1.953,2.708,1.285
193.0,0.3,2.03,-69.0,-66.0,-72.0,2.052,2.78,1.188
194.0,0.3,2.13,-74.0,-75.0,-64.0,2.151,2.854,1.092
195.0,0.3,2.23,-81.0,-71.0,-72.0,2.25,2.93,0.996
196.0,0.3,2.33,-75.0,-92.0,-78.0,2.349,3.006,0.901
197.0,0.3,2.43,-66.0,-73.0,-70.0,2.448,3.085,0.808
198.0,0.3,2.53,-68.0,-71.0,-72.0,2.548,3.164,0.716
199.0,0.3,2.63,-59.0,-54.0,-60.0,2.647,3.245,0.626
200.0,0.3,2.73,-59.0,-56.0,-59.0,2.746,3.326,0.541
201.0,0.4,0.83,-69.0,-68.0,-63.0,0.921,1.982,2.384
202.0,0.4,0.93,-86.0,-83.0,-62.0,1.012,2.026,2.285
203.0,0.4,1.03,-79.0,-73.0,-61.0,1.105,2.074,2.187
204.0,0.4,1.13,-74.0,-76.0,-56.0,1.199,2.125,2.089
205.0,0.4,1.23,-72.0,-77.0,-58.0,1.293,2.18,1.991
206.0,0.4,1.33,-81.0,-76.0,-58.0,1.389,2.238,1.893
207.0,0.4,1.43,-73.0,-71.0,-69.0,1.485,2.299,1.795
208.0,0.4,1.53,-74.0,-73.0,-62.0,1.581,2.362,1.698
209.0,0.4,1.63,-81.0,-64.0,-66.0,1.678,2.428,1.601
210.0,0.4,1.73,-77.0,-66.0,-62.0,1.776,2.497,1.504
211.0,0.4,1.83,-77.0,-77.0,-65.0,1.873,2.567,1.408
212.0,0.4,1.93,-67.0,-65.0,-62.0,1.971,2.639,1.312
213.0,0.4,2.03,-72.0,-72.0,-69.0,2.069,2.713,1.218
214.0,0.4,2.13,-80.0,-69.0,-66.0,2.167,2.789,1.124
215.0,0.4,2.23,-78.0,-77.0,-66.0,2.266,2.866,1.031
216.0,0.4,2.33,-73.0,-76.0,-75.0,2.364,2.944,0.939
217.0,0.4,2.43,-67.0,-69.0,-69.0,2.463,3.024,0.85
218.0,0.4,2.53,-74.0,-75.0,-70.0,2.561,3.105,0.763
219.0,0.4,2.63,-70.0,-69.0,-63.0,2.66,3.187,0.68
220.0,0.4,2.73,-70.0,-68.0,-64.0,2.759,3.27,0.602
221.0,0.5,0.83,-74.0,-70.0,-56.0,0.969,1.892,2.403
222.0,0.5,0.93,-74.0,-73.0,-56.0,1.056,1.938,2.305
223.0,0.5,1.03,-77.0,-76.0,-53.0,1.145,1.988,2.207
224.0,0.5,1.13,-82.0,-73.0,-56.0,1.236,2.041,2.11
225.0,0.5,1.23,-74.0,-75.0,-59.0,1.328,2.098,2.013
226.0,0.5,1.33,-68.0,-69.0,-59.0,1.421,2.158,1.916
227.0,0.5,1.43,-75.0,-72.0,-60.0,1.515,2.221,1.82
228.0,0.5,1.53,-71.0,-67.0,-64.0,1.61,2.287,1.724
229.0,0.5,1.63,-77.0,-63.0,-62.0,1.705,2.355,1.629
230.0,0.5,1.73,-76.0,-67.0,-61.0,1.801,2.425,1.534
231.0,0.5,1.83,-74.0,-66.0,-63.0,1.897,2.498,1.44
232.0,0.5,1.93,-77.0,-73.0,-61.0,1.994,2.572,1.346
233.0,0.5,2.03,-67.0,-70.0,-65.0,2.091,2.648,1.254
234.0,0.5,2.13,-72.0,-65.0,-70.0,2.188,2.725,1.163
235.0,0.5,2.23,-74.0,-68.0,-65.0,2.285,2.804,1.074
236.0,0.5,2.33,-68.0,-70.0,-63.0,2.383,2.884,0.986
237.0,0.5,2.43,-70.0,-84.0,-69.0,2.481,2.966,0.901
238.0,0.5,2.53,-68.0,-68.0,-67.0,2.579,3.048,0.82
239.0,0.5,2.63,-65.0,-68.0,-72.0,2.677,3.132,0.743
240.0,0.5,2.73,-69.0,-64.0,-67.0,2.775,3.216,0.673
241.0,0.6,0.83,-70.0,-68.0,-60.0,1.024,1.802,2.425
242.0,0.6,0.93,-81.0,-80.0,-59.0,1.107,1.851,2.329
242.0,0.6,1.03,-74.0,-69.0,-61.0,1.192,1.903,2.232
244.0,0.6,1.13,-74.0,-68.0,-58.0,1.279,1.959,2.136
245.0,0.6,1.23,-76.0,-70.0,-56.0,1.369,2.018,2.04
246.0,0.6,1.33,-72.0,-64.0,-58.0,1.459,2.081,1.945
247.0,0.6,1.43,-70.0,-67.0,-60.0,1.551,2.146,1.85
248.0,0.6,1.53,-75.0,-68.0,-58.0,1.643,2.214,1.756
249.0,0.6,1.63,-71.0,-74.0,-60.0,1.737,2.284,1.662
250.0,0.6,1.73,-71.0,-73.0,-63.0,1.831,2.356,1.569
251.0,0.6,1.83,-77.0,-75.0,-66.0,1.926,2.431,1.477
252.0,0.6,1.93,-68.0,-71.0,-61.0,2.021,2.507,1.387
253.0,0.6,2.03,-62.0,-67.0,-66.0,2.117,2.585,1.297
254.0,0.6,2.13,-70.0,-73.0,-62.0,2.213,2.664,1.209
255.0,0.6,2.23,-74.0,-67.0,-67.0,2.309,2.745,1.124
256.0,0.6,2.33,-66.0,-66.0,-70.0,2.406,2.826,1.04
257.0,0.6,2.43,-70.0,-69.0,-67.0,2.503,2.909,0.96
258.0,0.6,2.53,-66.0,-70.0,-64.0,2.6,2.993,0.885
259.0,0.6,2.63,-59.0,-64.0,-82.0,2.698,3.078,0.814
260.0,0.6,2.73,-61.0,-64.0,-67.0,2.795,3.164,0.75
260.0,0.7,0.83,-76.0,-79.0,-59.0,1.086,1.714,2.452
262.0,0.7,0.93,-72.0,-71.0,-60.0,1.164,1.765,2.356
263.0,0.7,1.03,-76.0,-73.0,-55.0,1.245,1.82,2.261
264.0,0.7,1.13,-85.0,-73.0,-57.0,1.329,1.878,2.166
265.0,0.7,1.23,-76.0,-67.0,-57.0,1.415,1.94,2.072
266.0,0.7,1.33,-80.0,-67.0,-63.0,1.503,2.005,1.978
267.0,0.7,1.43,-75.0,-71.0,-60.0,1.592,2.072,1.885
268.0,0.7,1.53,-71.0,-66.0,-59.0,1.683,2.143,1.792
269.0,0.7,1.63,-84.0,-70.0,-58.0,1.774,2.215,1.701
270.0,0.7,1.73,-73.0,-66.0,-63.0,1.866,2.29,1.61
271.0,0.7,1.83,-71.0,-77.0,-63.0,1.959,2.366,1.521
272.0,0.7,1.93,-62.0,-67.0,-62.0,2.053,2.444,1.433
273.0,0.7,2.03,-66.0,-73.0,-67.0,2.147,2.524,1.346
274.0,0.7,2.13,-68.0,-67.0,-63.0,2.242,2.605,1.262
275.0,0.7,2.23,-66.0,-73.0,-64.0,2.337,2.688,1.18
276.0,0.7,2.33,-74.0,-64.0,-65.0,2.433,2.771,1.101
277.0,0.7,2.43,-65.0,-64.0,-63.0,2.529,2.856,1.026
278.0,0.7,2.53,-73.0,-62.0,-68.0,2.625,2.941,0.955
279.0,0.7,2.63,-76.0,-74.0,-68.0,2.722,3.028,0.89
280.0,0.7,2.73,-68.0,-61.0,-66.0,2.818,3.115,0.832
281.0,0.8,0.83,-64.0,-77.0,-61.0,1.153,1.628,2.482
282.0,0.8,0.93,-73.0,-66.0,-59.0,1.227,1.681,2.388
283.0,0.8,1.03,-79.0,-64.0,-61.0,1.304,1.738,2.294
284.0,0.8,1.13,-76.0,-62.0,-61.0,1.385,1.799,2.201
285.0,0.8,1.23,-77.0,-73.0,-59.0,1.467,1.864,2.108
286.0,0.8,1.33,-74.0,-76.0,-56.0,1.552,1.931,2.016
287.0,0.8,1.43,-80.0,-66.0,-58.0,1.639,2.001,1.924
288.0,0.8,1.53,-72.0,-73.0,-60.0,1.727,2.074,1.834
289.0,0.8,1.63,-67.0,-68.0,-60.0,1.816,2.149,1.744
290.0,0.8,1.73,-70.0,-69.0,-60.0,1.906,2.226,1.656
291.0,0.8,1.83,-72.0,-64.0,-63.0,1.997,2.304,1.569
292.0,0.8,1.93,-76.0,-65.0,-62.0,2.089,2.384,1.484
293.0,0.8,2.03,-75.0,-72.0,-64.0,2.182,2.466,1.401
294.0,0.8,2.13,-66.0,-71.0,-65.0,2.275,2.549,1.32
295.0,0.8,2.23,-63.0,-70.0,-61.0,2.369,2.633,1.242
296.0,0.8,2.33,-68.0,-68.0,-65.0,2.464,2.718,1.167
297.0,0.8,2.43,-65.0,-62.0,-63.0,2.558,2.804,1.097
298.0,0.8,2.53,-76.0,-70.0,-66.0,2.653,2.892,1.031
299.0,0.8,2.63,-60.0,-71.0,-64.0,2.749,2.979,0.971
300.0,0.8,2.73,-66.0,-69.0,-72.0,2.845,3.068,0.918
301.0,0.9,0.83,-71.0,-61.0,-59.0,1.224,1.542,2.516
302.0,0.9,0.93,-75.0,-73.0,-59.0,1.294,1.598,2.423
303.0,0.9,1.03,-74.0,-68.0,-58.0,1.368,1.659,2.331
304.0,0.9,1.13,-81.0,-69.0,-56.0,1.445,1.722,2.239
305.0,0.9,1.23,-67.0,-70.0,-59.0,1.524,1.79,2.148
306.0,0.9,1.33,-67.0,-70.0,-59.0,1.606,1.86,2.057
307.0,0.9,1.43,-67.0,-63.0,-61.0,1.69,1.933,1.968
308.0,0.9,1.53,-70.0,-67.0,-61.0,1.775,2.008,1.879
309.0,0.9,1.63,-63.0,-75.0,-65.0,1.862,2.085,1.792
310.0,0.9,1.73,-75.0,-69.0,-65.0,1.95,2.164,1.707
311.0,0.9,1.83,-71.0,-68.0,-61.0,2.039,2.245,1.622
312.0,0.9,1.93,-70.0,-62.0,-64.0,2.13,2.327,1.54
313.0,0.9,2.03,-72.0,-70.0,-61.0,2.221,2.411,1.46
314.0,0.9,2.13,-69.0,-66.0,-66.0,2.312,2.495,1.383
315.0,0.9,2.23,-62.0,-66.0,-62.0,2.405,2.581,1.309
316.0,0.9,2.33,-67.0,-71.0,-68.0,2.498,2.668,1.238
317.0,0.9,2.43,-62.0,-63.0,-64.0,2.591,2.756,1.172
318.0,0.9,2.53,-63.0,-68.0,-64.0,2.685,2.844,1.11
319.0,0.9,2.63,-66.0,-71.0,-66.0,2.78,2.934,1.055
320.0,0.9,2.73,-65.0,-74.0,-66.0,2.875,3.024,1.006
321.0,1.0,0.83,-70.0,-68.0,-58.0,1.3,1.459,2.554
322.0,1.0,0.93,-71.0,-71.0,-62.0,1.366,1.518,2.462
323.0,1.0,1.03,-80.0,-75.0,-61.0,1.436,1.581,2.371
324.0,1.0,1.13,-75.0,-67.0,-63.0,1.509,1.648,2.281
325.0,1.0,1.23,-72.0,-66.0,-59.0,1.585,1.718,2.191
326.0,1.0,1.33,-68.0,-68.0,-57.0,1.664,1.791,2.103
327.0,1.0,1.43,-76.0,-68.0,-64.0,1.745,1.867,2.016
328.0,1.0,1.53,-75.0,-73.0,-63.0,1.828,1.944,1.929
329.0,1.0,1.63,-76.0,-73.0,-64.0,1.912,2.024,1.845
330.0,1.0,1.73,-67.0,-70.0,-61.0,1.998,2.105,1.761
331.0,1.0,1.83,-70.0,-62.0,-61.0,2.085,2.188,1.68
332.0,1.0,1.93,-68.0,-66.0,-60.0,2.174,2.273,1.601
333.0,1.0,2.03,-78.0,-68.0,-66.0,2.263,2.358,1.524
334.0,1.0,2.13,-65.0,-65.0,-66.0,2.353,2.445,1.45
335.0,1.0,2.23,-63.0,-67.0,-69.0,2.444,2.532,1.379
336.0,1.0,2.33,-63.0,-63.0,-66.0,2.536,2.621,1.312
337.0,1.0,2.43,-66.0,-65.0,-64.0,2.628,2.71,1.25
338.0,1.0,2.53,-62.0,-66.0,-69.0,2.72,2.8,1.193
339.0,1.0,2.63,-62.0,-66.0,-69.0,2.814,2.891,1.141
340.0,1.0,2.73,-63.0,-69.0,-63.0,2.907,2.982,1.097
341.0,1.1,0.83,-70.0,-68.0,-59.0,1.378,1.378,2.595
342.0,1.1,0.93,-70.0,-68.0,-64.0,1.44,1.44,2.504
343.0,1.1,1.03,-74.0,-76.0,-59.0,1.507,1.507,2.415
344.0,1.1,1.13,-67.0,-73.0,-58.0,1.577,1.577,2.326
345.0,1.1,1.23,-71.0,-73.0,-61.0,1.65,1.65,2.239
346.0,1.1,1.33,-70.0,-68.0,-56.0,1.726,1.726,2.152
347.0,1.1,1.43,-81.0,-65.0,-65.0,1.804,1.804,2.067
348.0,1.1,1.53,-66.0,-63.0,-63.0,1.884,1.884,1.983
349.0,1.1,1.63,-65.0,-64.0,-60.0,1.966,1.966,1.901
350.0,1.1,1.73,-72.0,-65.0,-61.0,2.05,2.05,1.82
351.0,1.1,1.83,-78.0,-67.0,-63.0,2.135,2.135,1.741
352.0,1.1,1.93,-72.0,-70.0,-62.0,2.221,2.221,1.665
353.0,1.1,2.03,-74.0,-65.0,-72.0,2.309,2.309,1.591
354.0,1.1,2.13,-59.0,-74.0,-64.0,2.397,2.397,1.521
355.0,1.1,2.23,-69.0,-64.0,-62.0,2.487,2.487,1.453
356.0,1.1,2.33,-67.0,-70.0,-64.0,2.577,2.577,1.39
357.0,1.1,2.43,-73.0,-67.0,-62.0,2.667,2.667,1.331
358.0,1.1,2.53,-62.0,-65.0,-66.0,2.759,2.759,1.278
359.0,1.1,2.63,-67.0,-69.0,-67.0,2.851,2.851,1.23
360.0,1.1,2.73,-59.0,-73.0,-64.0,2.943,2.943,1.188
361.0,1.2,0.83,-78.0,-71.0,-57.0,1.459,1.3,2.639
362.0,1.2,0.93,-71.0,-65.0,-61.0,1.518,1.366,2.55
363.0,1.2,1.03,-76.0,-61.0,-67.0,1.581,1.436,2.462
364.0,1.2,1.13,-60.0,-62.0,-69.0,1.648,1.509,2.375
365.0,1.2,1.23,-67.0,-60.0,-61.0,1.718,1.585,2.29
366.0,1.2,1.33,-66.0,-63.0,-71.0,1.791,1.664,2.205
367.0,1.2,1.43,-71.0,-64.0,-63.0,1.867,1.745,2.122
368.0,1.2,1.53,-81.0,-62.0,-62.0,1.944,1.828,2.04
369.0,1.2,1.63,-67.0,-63.0,-60.0,2.024,1.912,1.96
370.0,1.2,1.73,-73.0,-71.0,-61.0,2.105,1.998,1.882
371.0,1.2,1.83,-71.0,-68.0,-66.0,2.188,2.085,1.806
372.0,1.2,1.93,-68.0,-68.0,-75.0,2.273,2.174,1.733
373.0,1.2,2.03,-70.0,-67.0,-75.0,2.358,2.263,1.662
374.0,1.2,2.13,-66.0,-64.0,-68.0,2.445,2.353,1.595
375.0,1.2,2.23,-61.0,-65.0,-67.0,2.532,2.444,1.531
376.0,1.2,2.33,-62.0,-63.0,-70.0,2.621,2.536,1.471
377.0,1.2,2.43,-61.0,-67.0,-68.0,2.71,2.628,1.415
378.0,1.2,2.53,-66.0,-67.0,-69.0,2.8,2.72,1.365
379.0,1.2,2.63,-62.0,-65.0,-66.0,2.891,2.814,1.32
380.0,1.2,2.73,-66.0,-72.0,-65.0,2.982,2.907,1.282
381.0,1.3,0.83,-68.0,-63.0,-59.0,1.542,1.224,2.686
382.0,1.3,0.93,-73.0,-66.0,-59.0,1.598,1.294,2.599
383.0,1.3,1.03,-77.0,-62.0,-57.0,1.659,1.368,2.512
384.0,1.3,1.13,-68.0,-63.0,-63.0,1.722,1.445,2.427
385.0,1.3,1.23,-76.0,-62.0,-60.0,1.79,1.524,2.344
386.0,1.3,1.33,-70.0,-66.0,-63.0,1.86,1.606,2.261
387.0,1.3,1.43,-72.0,-67.0,-63.0,1.933,1.69,2.18
388.0,1.3,1.53,-79.0,-65.0,-64.0,2.008,1.775,2.101
389.0,1.3,1.63,-78.0,-63.0,-62.0,2.085,1.862,2.023
390.0,1.3,1.73,-73.0,-61.0,-60.0,2.164,1.95,1.947
391.0,1.3,1.83,-78.0,-59.0,-60.0,2.245,2.039,1.874
392.0,1.3,1.93,-81.0,-64.0,-65.0,2.327,2.13,1.803
393.0,1.3,2.03,-74.0,-70.0,-61.0,2.411,2.221,1.736
394.0,1.3,2.13,-65.0,-70.0,-66.0,2.495,2.312,1.671
395.0,1.3,2.23,-65.0,-77.0,-63.0,2.581,2.405,1.61
396.0,1.3,2.33,-68.0,-68.0,-61.0,2.668,2.498,1.553
397.0,1.3,2.43,-67.0,-65.0,-66.0,2.756,2.591,1.501
398.0,1.3,2.53,-62.0,-64.0,-68.0,2.844,2.685,1.453
399.0,1.3,2.63,-58.0,-68.0,-66.0,2.934,2.78,1.412
400.0,1.3,2.73,-62.0,-71.0,-63.0,3.024,2.875,1.376
401.0,1.4,0.83,-76.0,-71.0,-59.0,1.628,1.153,2.735
402.0,1.4,0.93,-75.0,-63.0,-63.0,1.681,1.227,2.65
403.0,1.4,1.03,-65.0,-61.0,-63.0,1.738,1.304,2.566
404.0,1.4,1.13,-72.0,-60.0,-63.0,1.799,1.385,2.482
405.0,1.4,1.23,-72.0,-63.0,-60.0,1.864,1.467,2.401
406.0,1.4,1.33,-73.0,-71.0,-61.0,1.931,1.552,2.32
407.0,1.4,1.43,-73.0,-66.0,-60.0,2.001,1.639,2.241
408.0,1.4,1.53,-72.0,-59.0,-60.0,2.074,1.727,2.164
409.0,1.4,1.63,-72.0,-60.0,-59.0,2.149,1.816,2.089
410.0,1.4,1.73,-70.0,-65.0,-61.0,2.226,1.906,2.016
411.0,1.4,1.83,-69.0,-62.0,-61.0,2.304,1.997,1.945
412.0,1.4,1.93,-72.0,-63.0,-65.0,2.384,2.089,1.877
413.0,1.4,2.03,-77.0,-65.0,-60.0,2.466,2.182,1.812
414.0,1.4,2.13,-67.0,-65.0,-60.0,2.549,2.275,1.75
415.0,1.4,2.23,-71.0,-62.0,-62.0,2.633,2.369,1.692
416.0,1.4,2.33,-62.0,-72.0,-65.0,2.718,2.464,1.638
417.0,1.4,2.43,-71.0,-64.0,-65.0,2.804,2.558,1.588
418.0,1.4,2.53,-63.0,-64.0,-67.0,2.892,2.653,1.544
419.0,1.4,2.63,-62.0,-70.0,-72.0,2.979,2.749,1.504
420.0,1.4,2.73,-66.0,-84.0,-67.0,3.068,2.845,1.471
421.0,1.5,0.83,-74.0,-64.0,-59.0,1.714,1.086,2.788
422.0,1.5,0.93,-69.0,-62.0,-56.0,1.765,1.164,2.704
423.0,1.5,1.03,-76.0,-65.0,-56.0,1.82,1.245,2.622
424.0,1.5,1.13,-77.0,-69.0,-59.0,1.878,1.329,2.54
425.0,1.5,1.23,-73.0,-61.0,-59.0,1.94,1.415,2.46
426.0,1.5,1.33,-78.0,-62.0,-57.0,2.005,1.503,2.382
427.0,1.5,1.43,-80.0,-79.0,-62.0,2.072,1.592,2.305
428.0,1.5,1.53,-85.0,-64.0,-57.0,2.143,1.683,2.23
429.0,1.5,1.63,-77.0,-65.0,-63.0,2.215,1.774,2.157
430.0,1.5,1.73,-69.0,-62.0,-62.0,2.29,1.866,2.086
431.0,1.5,1.83,-72.0,-69.0,-63.0,2.366,1.959,2.018
432.0,1.5,1.93,-73.0,-60.0,-62.0,2.444,2.053,1.953
433.0,1.5,2.03,-75.0,-61.0,-60.0,2.524,2.147,1.89
434.0,1.5,2.13,-70.0,-62.0,-60.0,2.605,2.242,1.831
435.0,1.5,2.23,-64.0,-70.0,-60.0,2.688,2.337,1.776
436.0,1.5,2.33,-69.0,-64.0,-69.0,2.771,2.433,1.724
437.0,1.5,2.43,-67.0,-64.0,-62.0,2.856,2.529,1.677
438.0,1.5,2.53,-63.0,-63.0,-66.0,2.941,2.625,1.635
439.0,1.5,2.63,-62.0,-60.0,-59.0,3.028,2.722,1.598
440.0,1.5,2.73,-55.0,-62.0,-58.0,3.115,2.818,1.566
441.0,1.6,0.83,-82.0,-76.0,-68.0,1.802,1.024,2.843
442.0,1.6,0.93,-70.0,-62.0,-63.0,1.851,1.107,2.761
443.0,1.6,1.03,-67.0,-60.0,-58.0,1.903,1.192,2.68
444.0,1.6,1.13,-76.0,-56.0,-60.0,1.959,1.279,2.6
445.0,1.6,1.23,-77.0,-56.0,-59.0,2.018,1.369,2.522
446.0,1.6,1.33,-74.0,-61.0,-60.0,2.081,1.459,2.446
447.0,1.6,1.43,-80.0,-61.0,-66.0,2.146,1.551,2.371
448.0,1.6,1.53,-77.0,-62.0,-61.0,2.214,1.643,2.298
449.0,1.6,1.63,-81.0,-60.0,-69.0,2.284,1.737,2.228
450.0,1.6,1.73,-79.0,-62.0,-60.0,2.356,1.831,2.159
451.0,1.6,1.83,-71.0,-79.0,-60.0,2.431,1.926,2.093
452.0,1.6,1.93,-81.0,-67.0,-59.0,2.507,2.021,2.03
453.0,1.6,2.03,-72.0,-63.0,-60.0,2.585,2.117,1.97
454.0,1.6,2.13,-66.0,-61.0,-64.0,2.664,2.213,1.914
455.0,1.6,2.23,-67.0,-59.0,-65.0,2.745,2.309,1.861
456.0,1.6,2.33,-66.0,-73.0,-68.0,2.826,2.406,1.812
457.0,1.6,2.43,-66.0,-67.0,-60.0,2.909,2.503,1.767
458.0,1.6,2.53,-63.0,-63.0,-63.0,2.993,2.6,1.727
459.0,1.6,2.63,-64.0,-58.0,-59.0,3.078,2.698,1.692
460.0,1.6,2.73,-60.0,-63.0,-74.0,3.164,2.795,1.662
461.0,1.7,0.83,-76.0,-56.0,-63.0,1.892,0.969,2.9
462.0,1.7,0.93,-77.0,-56.0,-71.0,1.938,1.056,2.82
463.0,1.7,1.03,-76.0,-56.0,-59.0,1.988,1.145,2.741
464.0,1.7,1.13,-70.0,-55.0,-68.0,2.041,1.236,2.663
465.0,1.7,1.23,-76.0,-55.0,-59.0,2.098,1.328,2.587
466.0,1.7,1.33,-76.0,-59.0,-59.0,2.158,1.421,2.512
467.0,1.7,1.43,-74.0,-66.0,-63.0,2.221,1.515,2.44
468.0,1.7,1.53,-71.0,-60.0,-61.0,2.287,1.61,2.369
469.0,1.7,1.63,-71.0,-63.0,-64.0,2.355,1.705,2.301
470.0,1.7,1.73,-75.0,-60.0,-62.0,2.425,1.801,2.234
471.0,1.7,1.83,-72.0,-64.0,-63.0,2.498,1.897,2.171
472.0,1.7,1.93,-67.0,-70.0,-65.0,2.572,1.994,2.11
473.0,1.7,2.03,-70.0,-61.0,-64.0,2.648,2.091,2.052
474.0,1.7,2.13,-65.0,-60.0,-66.0,2.725,2.188,1.998
475.0,1.7,2.23,-64.0,-61.0,-64.0,2.804,2.285,1.947
476.0,1.7,2.33,-66.0,-68.0,-60.0,2.884,2.383,1.901
477.0,1.7,2.43,-62.0,-86.0,-61.0,2.966,2.481,1.858
478.0,1.7,2.53,-63.0,-64.0,-61.0,3.048,2.579,1.82
479.0,1.7,2.63,-64.0,-60.0,-61.0,3.132,2.677,1.787
480.0,1.7,2.73,-67.0,-63.0,-62.0,3.216,2.775,1.759
481.0,1.8,0.83,-80.0,-57.0,-63.0,1.982,0.921,2.96
482.0,1.8,0.93,-73.0,-54.0,-64.0,2.026,1.012,2.881
483.0,1.8,1.03,-73.0,-55.0,-59.0,2.074,1.105,2.804
484.0,1.8,1.13,-77.0,-57.0,-63.0,2.125,1.199,2.728
485.0,1.8,1.23,-71.0,-60.0,-62.0,2.18,1.293,2.654
486.0,1.8,1.33,-80.0,-56.0,-59.0,2.238,1.389,2.581
487.0,1.8,1.43,-78.0,-70.0,-75.0,2.299,1.485,2.51
488.0,1.8,1.53,-64.0,-56.0,-64.0,2.362,1.581,2.442
489.0,1.8,1.63,-72.0,-59.0,-66.0,2.428,1.678,2.375
490.0,1.8,1.73,-71.0,-73.0,-67.0,2.497,1.776,2.311
491.0,1.8,1.83,-72.0,-67.0,-66.0,2.567,1.873,2.25
492.0,1.8,1.93,-66.0,-75.0,-64.0,2.639,1.971,2.191
493.0,1.8,2.03,-58.0,-61.0,-67.0,2.713,2.069,2.136
494.0,1.8,2.13,-65.0,-68.0,-65.0,2.789,2.167,2.084
495.0,1.8,2.23,-63.0,-62.0,-61.0,2.866,2.266,2.035
496.0,1.8,2.33,-77.0,-66.0,-67.0,2.944,2.364,1.991
497.0,1.8,2.43,-67.0,-60.0,-65.0,3.024,2.463,1.95
498.0,1.8,2.53,-67.0,-65.0,-64.0,3.105,2.561,1.914
499.0,1.8,2.63,-59.0,-64.0,-59.0,3.187,2.66,1.882
500.0,1.8,2.73,-64.0,-65.0,-65.0,3.27,2.759,1.855
501.0,1.9,0.83,-74.0,-56.0,-62.0,2.073,0.883,3.022
502.0,1.9,0.93,-71.0,-65.0,-63.0,2.115,0.977,2.945
503.0,1.9,1.03,-73.0,-57.0,-61.0,2.161,1.073,2.869
504.0,1.9,1.13,-75.0,-55.0,-65.0,2.211,1.169,2.795
505.0,1.9,1.23,-82.0,-59.0,-63.0,2.263,1.266,2.723
506.0,1.9,1.33,-65.0,-53.0,-62.0,2.319,1.363,2.652
507.0,1.9,1.43,-69.0,-60.0,-62.0,2.378,1.461,2.583
508.0,1.9,1.53,-73.0,-57.0,-64.0,2.439,1.559,2.516
509.0,1.9,1.63,-72.0,-64.0,-61.0,2.503,1.657,2.452
510.0,1.9,1.73,-72.0,-63.0,-62.0,2.57,1.756,2.39
511.0,1.9,1.83,-70.0,-73.0,-71.0,2.638,1.854,2.331
512.0,1.9,1.93,-66.0,-62.0,-63.0,2.708,1.953,2.274
513.0,1.9,2.03,-65.0,-62.0,-66.0,2.78,2.052,2.221
514.0,1.9,2.13,-79.0,-67.0,-65.0,2.854,2.151,2.171
515.0,1.9,2.23,-64.0,-64.0,-64.0,2.93,2.25,2.124
516.0,1.9,2.33,-66.0,-67.0,-62.0,3.006,2.349,2.081
517.0,1.9,2.43,-68.0,-63.0,-62.0,3.085,2.448,2.043
518.0,1.9,2.53,-63.0,-68.0,-60.0,3.164,2.548,2.008
519.0,1.9,2.63,-59.0,-74.0,-60.0,3.245,2.647,1.978
520.0,1.9,2.73,-62.0,-61.0,-61.0,3.326,2.746,1.953
521.0,2.0,0.83,-78.0,-54.0,-68.0,2.165,0.854,3.086
522.0,2.0,0.93,-65.0,-58.0,-72.0,2.206,0.951,3.01
523.0,2.0,1.03,-72.0,-55.0,-60.0,2.25,1.049,2.936
524.0,2.0,1.13,-80.0,-55.0,-64.0,2.297,1.148,2.864
525.0,2.0,1.23,-78.0,-63.0,-65.0,2.348,1.246,2.793
526.0,2.0,1.33,-72.0,-61.0,-63.0,2.402,1.345,2.724
527.0,2.0,1.43,-66.0,-60.0,-60.0,2.459,1.444,2.658
528.0,2.0,1.53,-80.0,-66.0,-65.0,2.518,1.543,2.593
529.0,2.0,1.63,-70.0,-62.0,-64.0,2.58,1.642,2.53
530.0,2.0,1.73,-73.0,-60.0,-64.0,2.644,1.742,2.47
531.0,2.0,1.83,-75.0,-61.0,-60.0,2.711,1.841,2.413
532.0,2.0,1.93,-67.0,-58.0,-63.0,2.779,1.94,2.358
533.0,2.0,2.03,-74.0,-63.0,-61.0,2.85,2.04,2.307
534.0,2.0,2.13,-75.0,-69.0,-65.0,2.922,2.139,2.259
535.0,2.0,2.23,-68.0,-66.0,-66.0,2.995,2.239,2.214
536.0,2.0,2.33,-70.0,-64.0,-67.0,3.071,2.339,2.173
537.0,2.0,2.43,-64.0,-62.0,-63.0,3.147,2.438,2.136
538.0,2.0,2.53,-62.0,-63.0,-62.0,3.225,2.538,2.103
539.0,2.0,2.63,-64.0,-70.0,-63.0,3.304,2.638,2.074
540.0,2.0,2.73,-61.0,-66.0,-63.0,3.384,2.737,2.05
541.0,2.1,0.83,-77.0,-54.0,-62.0,2.258,0.836,3.152
542.0,2.1,0.93,-76.0,-56.0,-62.0,2.297,0.935,3.078
543.0,2.1,1.03,-76.0,-57.0,-68.0,2.339,1.035,3.005
544.0,2.1,1.13,-74.0,-57.0,-69.0,2.385,1.134,2.935
545.0,2.1,1.23,-72.0,-58.0,-69.0,2.434,1.234,2.866
546.0,2.1,1.33,-76.0,-57.0,-64.0,2.486,1.334,2.799
547.0,2.1,1.43,-74.0,-60.0,-60.0,2.541,1.433,2.734
548.0,2.1,1.53,-79.0,-66.0,-62.0,2.598,1.533,2.671
549.0,2.1,1.63,-73.0,-56.0,-62.0,2.658,1.633,2.61
550.0,2.1,1.73,-70.0,-60.0,-67.0,2.721,1.733,2.552
551.0,2.1,1.83,-71.0,-68.0,-69.0,2.785,1.833,2.496
552.0,2.1,1.93,-66.0,-66.0,-67.0,2.852,1.933,2.444
553.0,2.1,2.03,-66.0,-60.0,-68.0,2.921,2.032,2.394
554.0,2.1,2.13,-73.0,-79.0,-72.0,2.991,2.132,2.348
555.0,2.1,2.23,-76.0,-72.0,-66.0,3.063,2.232,2.305
556.0,2.1,2.33,-66.0,-64.0,-72.0,3.137,2.332,2.266
557.0,2.1,2.43,-62.0,-60.0,-65.0,3.212,2.432,2.23
558.0,2.1,2.53,-64.0,-77.0,-68.0,3.288,2.532,2.198
559.0,2.1,2.63,-65.0,-66.0,-74.0,3.366,2.632,2.171
560.0,2.1,2.73,-69.0,-65.0,-66.0,3.444,2.732,2.148
561.0,2.2,0.83,-71.0,-56.0,-66.0,2.351,0.83,3.219
562.0,2.2,0.93,-76.0,-53.0,-70.0,2.388,0.93,3.147
563.0,2.2,1.03,-73.0,-55.0,-67.0,2.429,1.03,3.076
564.0,2.2,1.13,-77.0,-55.0,-63.0,2.473,1.13,3.007
565.0,2.2,1.23,-70.0,-55.0,-72.0,2.52,1.23,2.94
566.0,2.2,1.33,-80.0,-57.0,-70.0,2.571,1.33,2.874
567.0,2.2,1.43,-74.0,-70.0,-69.0,2.624,1.43,2.811
568.0,2.2,1.53,-71.0,-56.0,-63.0,2.68,1.53,2.75
569.0,2.2,1.63,-83.0,-57.0,-62.0,2.738,1.63,2.691
570.0,2.2,1.73,-73.0,-64.0,-64.0,2.799,1.73,2.635
571.0,2.2,1.83,-74.0,-62.0,-67.0,2.862,1.83,2.581
572.0,2.2,1.93,-77.0,-60.0,-69.0,2.927,1.93,2.53
573.0,2.2,2.03,-71.0,-60.0,-66.0,2.993,2.03,2.482
574.0,2.2,2.13,-65.0,-70.0,-70.0,3.062,2.13,2.438
575.0,2.2,2.23,-62.0,-68.0,-64.0,3.133,2.23,2.396
576.0,2.2,2.33,-62.0,-64.0,-69.0,3.205,2.33,2.358
577.0,2.2,2.43,-65.0,-63.0,-71.0,3.278,2.43,2.324
578.0,2.2,2.53,-64.0,-73.0,-67.0,3.353,2.53,2.294
579.0,2.2,2.63,-63.0,-65.0,-68.0,3.429,2.63,2.268
580.0,2.2,2.73,-63.0,-60.0,-73.0,3.506,2.73,2.246
